process,step_number,h_angle,v_angle,time,zoom_factor
aa,1,90,90,12,1.0
aa,2,90,90,23,1.0
aa,3,90,90,34,1.0
aaa,1,91,90,21,1.0
aaa,2,90,92,32,1.4000000000000004
aaa,3,93,90,54,2.000000000000001
test,1,90,100,5,1.1
test,2,90,110,6,1.2000000000000002
test,3,90,120,6,1.3000000000000005
test2,1,154,158,5,1.0
test2,2,126,164,8,1.1
test2,3,123,176,8,1.1
test2,4,127,174,5,1.5000000000000004
